{"cameraMode":{"drawMode":0,"name":"Shaded","section":"Shading Mode"},"sceneLighting":false,"audioPlay":false,"sceneViewState":{"showFog":true,"showMaterialUpdate":false,"showSkybox":true,"showFlares":true,"showImageEffects":true,"showParticleSystems":true},"in2DMode":false,"pivot":{"x":-49.737457275390628,"y":29.003814697265626,"z":-56.0555419921875},"rotation":{"x":0.18996676802635194,"y":-0.653873085975647,"z":0.17464566230773927,"w":0.7112429738044739},"size":321.4295349121094,"orthographic":false}